student_id,age,year_of_study,cgpa,attendance,hours_studied,previous_gpa,internship_experience,projects_completed,certifications,online_courses,study_consistency,success_score,success
S001,24,3,7.84,59.3,5.7,5.31,No,2,2,1,Medium,5.0195,0
S002,21,1,6.95,77.1,5.3,5.23,No,8,3,6,Medium,6.420111111111111,1
S003,22,1,5.7,93.6,1.2,8.53,No,4,2,4,High,5.256777777777777,0
S004,24,4,8.48,86.6,4.1,5.25,No,7,2,1,Medium,5.842333333333333,1
S005,20,3,7.77,90.3,4.4,5.36,Yes,6,4,3,Medium,6.327555555555555,1
S006,25,1,4.89,82.9,4.6,7.8,Yes,7,2,5,Low,5.747666666666667,1
S007,22,4,9.01,84.6,6.2,6.25,No,6,2,5,Low,6.770944444444444,1
S008,22,3,8.52,92.5,5.8,7.88,No,2,3,2,Low,6.313055555555556,1
S009,24,4,9.22,62.5,6.5,4.33,No,1,4,7,Low,6.4736111111111105,1
S010,19,2,7.99,74.5,7.9,6.44,No,6,2,1,Medium,6.140555555555556,1
S011,20,1,7.37,61.1,8.3,4.17,Yes,2,1,1,Medium,4.992333333333333,0
S012,24,2,6.3,99.4,7.5,4.31,No,2,0,3,Medium,5.244888888888889,0
S013,20,3,9.13,97.2,9.6,8.53,No,1,3,0,Low,6.828277777777777,1
S014,20,2,8.76,52.0,1.2,4.7,No,3,2,0,Low,4.372222222222222,0
S015,25,2,4.25,85.3,2.8,6.66,No,7,1,5,Medium,5.027,0
S016,22,3,4.15,96.3,1.1,6.06,No,0,2,5,High,4.3453333333333335,0
S017,21,4,6.07,59.0,6.8,5.74,Yes,0,2,4,Low,4.960277777777778,0
S018,25,2,8.46,78.4,9.1,8.5,No,4,4,6,High,7.550444444444445,1
S019,25,4,9.43,95.8,3.2,4.11,No,4,4,7,Medium,6.806166666666667,1
S020,20,2,4.83,51.7,9.3,7.32,No,0,4,3,Medium,5.366333333333333,0
S021,23,4,7.27,84.9,1.5,8.82,No,5,1,6,Medium,5.746,1
S022,22,3,6.09,64.9,9.4,6.8,Yes,0,2,6,Low,5.811555555555556,1
S023,19,2,9.33,96.2,4.2,8.68,Yes,4,0,2,Low,6.0199444444444445,1
S024,25,3,8.63,98.6,1.9,4.26,Yes,8,3,6,Medium,6.544833333333334,1
S025,21,2,8.61,97.2,5.4,6.09,No,4,4,2,Medium,6.5471666666666675,1
S026,23,3,6.58,73.7,3.3,5.3,Yes,5,4,6,High,5.884388888888888,1
S027,23,3,6.28,93.1,3.6,7.65,Yes,7,2,3,Medium,5.8315,1
S028,19,2,5.5,92.2,3.8,8.91,No,0,2,2,Low,4.968,0
S029,25,2,4.31,66.0,8.2,5.28,Yes,1,1,0,High,4.184166666666667,0
S030,21,2,8.76,91.4,5.9,7.27,No,8,1,2,Low,6.503777777777778,1
S031,22,1,8.47,51.9,3.8,4.99,No,2,4,2,Medium,5.270444444444445,0
S032,18,4,9.5,79.8,6.5,6.83,No,5,2,3,Medium,6.5808888888888895,1
S033,21,1,9.48,61.5,7.4,6.32,Yes,4,0,3,High,5.879722222222222,1
S034,19,1,7.05,56.0,3.5,8.86,Yes,1,3,2,High,5.061944444444445,0
S035,23,3,8.23,53.8,4.7,7.04,No,6,2,7,Medium,6.2267222222222225,1
S036,22,2,9.2,84.8,2.1,5.75,No,3,2,1,Medium,5.350888888888889,0
S037,21,4,8.67,67.0,2.6,4.57,No,0,1,7,High,5.145277777777779,0
S038,18,3,5.36,86.2,7.1,4.76,Yes,3,3,3,Low,5.501888888888889,1
S039,18,1,6.48,53.3,2.6,5.13,No,5,4,7,Low,5.554500000000001,1
S040,20,2,4.71,65.8,5.7,5.25,No,6,2,7,Low,5.477833333333333,0
S041,20,3,9.25,77.0,7.4,8.25,No,6,4,4,Low,7.394166666666667,1
S042,24,2,7.33,89.5,2.0,6.81,No,6,2,4,Medium,5.7316666666666665,1
S043,19,3,5.26,65.9,6.1,6.62,No,2,4,0,Medium,4.954055555555556,0
S044,25,2,7.69,81.3,3.3,4.57,No,5,3,6,Medium,5.994777777777778,1
S045,21,1,7.4,94.3,9.7,8.3,Yes,7,1,2,Low,6.791722222222223,1
S046,21,4,5.97,80.8,5.4,7.61,No,3,3,1,High,5.385055555555555,0
S047,25,1,4.62,61.6,8.3,4.34,Yes,7,0,0,Medium,4.506222222222222,0
S048,24,4,7.69,51.2,6.0,7.54,No,1,1,2,Medium,4.9782777777777785,0
S049,23,2,6.86,93.5,1.4,6.72,No,9,3,7,Medium,6.449166666666667,1
S050,23,3,8.25,51.1,6.7,4.41,Yes,8,0,3,Medium,5.499,0
S051,24,1,6.86,93.7,9.6,6.29,Yes,8,2,4,Low,6.959388888888888,1
S052,23,4,8.69,76.4,6.4,6.42,Yes,7,2,5,Low,6.716833333333334,1
S053,20,1,7.04,97.0,8.4,4.83,No,9,4,1,High,6.836666666666666,1
S054,21,4,7.09,89.9,9.0,8.73,No,9,1,7,High,7.416,1
S055,24,1,8.82,99.9,3.1,8.25,Yes,0,2,5,Medium,6.110166666666667,1
S056,21,4,6.22,67.5,2.9,7.35,No,1,1,4,Low,4.619166666666667,0
S057,25,4,4.74,88.4,6.5,6.31,No,5,2,7,Medium,5.962111111111112,1
S058,18,2,4.16,70.1,4.7,6.06,Yes,9,4,6,High,5.919833333333333,1
S059,20,4,8.15,74.0,8.6,7.25,Yes,4,3,6,High,6.993055555555555,1
S060,22,2,7.41,81.4,9.1,6.73,No,8,4,5,Low,7.4112777777777765,1
S061,20,4,7.87,93.7,4.2,4.31,No,4,0,3,Low,5.25688888888889,0
S062,24,3,5.17,99.2,3.1,6.56,No,1,2,7,High,5.349388888888889,0
S063,22,3,4.75,88.4,8.0,8.03,Yes,9,0,2,Medium,5.755722222222222,1
S064,18,3,4.08,70.9,3.5,6.3,Yes,3,0,7,Low,4.483499999999999,0
S065,24,4,5.93,71.1,8.4,4.26,No,8,1,3,Low,5.657333333333334,1
S066,19,2,7.24,86.9,4.8,7.93,Yes,0,2,7,Medium,5.989611111111111,1
S067,21,2,6.16,61.9,7.0,5.01,Yes,0,0,5,High,4.700166666666666,0
S068,18,4,6.41,55.5,1.9,5.29,Yes,6,3,3,High,4.882777777777777,0
S069,21,3,8.97,67.7,6.6,4.82,No,2,0,4,Medium,5.483555555555556,0
S070,23,3,5.92,64.4,5.1,5.65,No,9,3,1,Medium,5.463777777777777,0
S071,19,2,6.83,64.8,6.3,7.78,No,1,1,3,Low,5.163944444444445,0
S072,19,3,8.31,61.7,2.5,6.6,No,8,0,7,Medium,5.786333333333333,1
S073,18,1,6.18,52.1,7.6,5.02,Yes,2,4,4,Medium,5.524277777777779,1
S074,19,2,7.42,50.9,8.8,8.39,No,1,1,1,Medium,5.295722222222222,0
S075,22,3,8.74,99.4,3.0,8.4,Yes,7,3,6,Medium,7.109333333333334,1
S076,19,2,9.22,71.4,1.9,8.35,No,9,1,2,Low,5.938777777777779,1
S077,21,1,4.81,69.2,1.2,5.19,No,5,0,5,Low,4.122166666666667,0
S078,21,2,9.1,84.0,6.8,6.26,No,5,2,7,Medium,7.025555555555556,1
S079,24,2,6.71,60.9,6.5,8.92,Yes,9,2,7,Low,6.732111111111111,1
S080,21,2,5.42,97.5,5.9,7.86,No,6,3,6,Low,6.525833333333333,1
S081,24,2,6.53,89.3,3.1,4.14,Yes,6,3,2,High,5.3469999999999995,0
S082,21,1,9.39,54.5,4.5,4.33,No,5,2,6,Medium,5.971111111111111,1
S083,22,4,6.71,70.9,6.4,6.32,No,3,3,0,Medium,5.303222222222223,0
S084,25,2,5.81,94.0,5.5,8.55,No,8,1,6,High,6.3875,1
S085,24,2,7.48,97.2,9.9,6.69,No,5,4,4,High,7.356333333333334,1
S086,20,3,5.32,73.4,2.2,6.49,No,3,4,1,Medium,4.707111111111111,0
S087,23,2,4.42,80.7,7.3,4.53,Yes,2,1,7,High,5.188833333333333,0
S088,18,3,4.71,58.4,4.6,7.28,No,3,4,6,Medium,5.402388888888889,0
S089,21,4,4.7,99.6,4.9,8.11,Yes,2,0,7,Medium,5.380111111111111,0
S090,19,1,4.84,61.6,7.5,5.9,No,1,1,3,Medium,4.589555555555556,0
S091,25,1,4.76,97.1,7.2,7.88,No,4,3,2,Medium,5.852055555555555,1
S092,21,4,7.52,82.5,9.9,8.82,No,1,1,6,Medium,6.6324999999999985,1
S093,19,1,5.0,80.4,2.2,5.02,No,5,2,1,Medium,4.368777777777778,0
S094,23,4,5.9,75.6,1.9,6.62,No,2,3,4,Low,4.929555555555556,0
S095,23,4,8.93,61.5,7.5,5.44,Yes,5,2,0,Medium,5.7844444444444445,1
S096,23,4,6.61,58.8,6.2,7.96,No,9,3,7,Low,6.723944444444444,1
S097,19,1,7.67,61.0,3.5,6.89,Yes,8,4,2,Medium,5.973055555555555,1
S098,21,3,4.95,59.3,1.7,7.17,No,0,1,5,Medium,4.003666666666667,0
S099,23,4,5.06,89.0,1.8,7.99,Yes,5,0,1,High,4.382777777777777,0
S100,22,2,4.22,67.5,9.0,5.98,Yes,8,3,5,High,6.106944444444444,1
S101,24,1,4.93,52.9,2.7,8.58,No,3,3,1,High,4.4093333333333335,0
S102,19,4,5.53,98.5,3.9,6.67,Yes,1,2,1,Medium,4.811111111111112,0
S103,19,4,4.97,94.2,3.0,4.79,No,3,4,4,High,5.237722222222222,0
S104,21,2,4.49,96.4,4.2,7.48,Yes,0,2,4,Medium,4.929611111111111,0
S105,19,3,4.66,99.7,1.6,7.97,Yes,2,2,4,Low,4.886055555555556,0
S106,19,3,6.53,58.7,5.7,5.58,No,9,4,6,Low,6.438,1
S107,23,3,5.13,69.8,1.6,8.29,Yes,8,0,3,Low,4.665611111111111,0
S108,21,4,6.0,87.9,8.2,8.53,Yes,9,2,1,Medium,6.421277777777779,1
S109,23,4,6.77,84.8,3.1,5.38,No,4,2,2,Medium,5.077277777777778,0
S110,24,4,7.8,57.7,5.9,8.92,Yes,5,3,5,High,6.416611111111111,1
S111,25,1,4.22,90.8,8.9,4.7,No,2,4,4,Low,5.774222222222222,1
S112,24,2,8.4,61.2,6.9,5.01,Yes,4,1,6,Low,5.959666666666667,1
S113,25,4,7.45,61.2,5.8,4.92,Yes,7,0,4,High,5.397166666666667,0
S114,23,2,4.45,76.8,3.9,8.47,No,5,0,5,Low,4.915611111111112,0
S115,24,2,8.8,79.6,4.0,7.27,Yes,3,4,5,Medium,6.526777777777778,1
S116,21,3,9.06,79.0,7.0,4.76,Yes,1,3,7,Medium,6.603888888888888,1
S117,18,1,4.34,54.6,9.9,6.2,Yes,8,3,1,Medium,5.602888888888889,1
S118,23,4,5.52,93.9,7.0,7.08,Yes,0,4,4,Low,5.925166666666666,1
S119,25,3,8.43,63.3,6.0,4.42,No,0,3,5,Low,5.673111111111111,1
S120,22,3,8.12,56.5,7.6,8.41,Yes,3,0,3,Low,5.626944444444444,1
S121,25,4,5.01,94.4,5.2,8.02,No,6,0,3,Medium,5.314611111111111,0
S122,22,2,5.15,97.8,1.5,6.53,No,0,1,4,Medium,4.405055555555556,0
S123,19,3,6.04,93.1,6.1,8.84,No,8,4,6,Low,7.153722222222222,1
S124,24,2,6.66,90.5,9.6,6.09,No,3,2,5,Medium,6.464166666666667,1
S125,22,1,7.4,82.8,2.6,8.92,Yes,2,2,7,High,5.948111111111112,1
S126,25,2,6.03,77.5,7.2,7.34,No,0,1,1,Low,4.890555555555556,0
S127,19,1,6.54,54.3,2.8,7.17,Yes,9,1,1,Medium,4.891166666666667,0
S128,18,2,8.11,70.4,5.8,4.83,No,3,3,6,Medium,6.140166666666666,1
S129,21,3,4.2,68.6,1.9,8.41,No,8,1,7,Low,5.173444444444444,0
S130,21,3,5.39,63.0,5.1,6.14,Yes,9,1,1,Medium,4.964722222222222,0
S131,21,1,7.92,86.2,7.8,4.81,No,5,2,7,Medium,6.7524444444444445,1
S132,22,4,8.92,74.8,4.1,4.06,No,5,3,0,High,5.518111111111111,1
S133,18,1,6.81,54.1,7.0,6.8,Yes,0,1,4,High,5.019555555555556,0
S134,22,1,6.93,61.0,8.2,6.64,Yes,9,1,1,Medium,5.840277777777778,1
S135,24,2,4.59,84.2,9.3,7.6,No,1,3,3,High,5.724944444444444,1
S136,22,2,6.46,53.8,3.1,8.45,No,5,4,5,Medium,5.7508888888888885,1
S137,18,1,6.93,92.6,4.6,4.4,No,1,3,7,Medium,5.875388888888889,1
S138,18,3,5.33,74.8,2.4,7.66,No,2,2,7,Medium,5.140611111111111,0
S139,24,2,5.48,74.0,9.9,4.94,No,3,4,2,Low,5.863888888888889,1
S140,18,4,6.08,79.6,9.3,8.29,No,4,0,6,High,6.1801111111111116,1
S141,25,2,4.11,91.2,5.9,8.1,Yes,8,3,2,Medium,5.830500000000001,1
S142,18,2,5.77,67.4,8.6,6.7,Yes,3,2,1,Medium,5.312944444444445,0
S143,21,4,5.16,83.9,5.7,7.55,No,8,4,2,High,6.092388888888888,1
S144,25,1,5.8,78.3,6.6,5.57,No,9,3,2,Low,5.983388888888888,1
S145,25,4,4.66,63.4,1.8,6.36,Yes,2,1,0,Medium,3.492666666666667,0
S146,24,1,8.9,93.9,7.8,8.11,Yes,7,3,7,Low,7.87961111111111,1
S147,20,1,7.26,89.9,2.1,6.3,No,0,0,3,High,4.5535,0
S148,20,1,7.74,82.9,8.4,5.79,No,8,3,6,High,7.231833333333333,1
S149,18,4,8.34,92.5,8.0,6.47,No,8,4,3,Medium,7.366388888888888,1
S150,25,1,6.74,93.4,7.4,8.14,No,9,4,0,Medium,6.8004444444444445,1
S151,20,3,4.48,85.4,1.3,5.68,Yes,1,3,0,Medium,3.9271111111111114,0
S152,20,4,6.95,91.9,3.7,4.87,Yes,3,4,2,High,5.562111111111111,1
S153,18,3,7.23,84.9,3.4,7.56,Yes,7,1,4,Medium,5.831,1
S154,20,1,8.1,84.0,4.2,8.13,Yes,6,3,7,Medium,6.893333333333333,1
S155,22,2,6.37,80.9,1.8,4.5,No,0,1,5,High,4.401,0
S156,19,1,4.7,87.6,9.4,5.2,No,4,1,7,Low,5.951777777777778,1
S157,24,3,5.56,57.9,6.0,4.71,No,6,2,5,Low,5.3068333333333335,0
S158,19,3,6.0,94.0,3.7,5.74,No,3,3,2,Medium,5.252777777777777,0
S159,18,4,7.55,93.6,4.6,6.25,Yes,0,4,5,High,6.100944444444445,1
S160,21,2,7.14,51.5,5.0,7.74,No,8,1,0,Medium,5.1675,0
S161,24,4,5.96,91.3,6.4,7.26,No,4,2,3,Low,5.801166666666667,1
S162,18,3,9.43,56.4,5.6,7.1,No,1,3,5,Medium,6.157388888888888,1
S163,25,1,7.33,66.8,9.3,5.76,Yes,7,3,7,Medium,7.044499999999999,1
S164,21,2,5.3,87.2,5.5,8.21,No,1,0,6,Low,5.2202222222222225,0
S165,19,1,4.56,58.0,9.9,6.36,No,2,0,2,Medium,4.651666666666666,0
S166,18,1,4.84,90.9,8.7,8.9,Yes,9,1,4,High,6.467388888888889,1
S167,25,2,5.35,91.6,2.9,7.17,Yes,0,0,2,Medium,4.1931666666666665,0
S168,24,4,4.88,75.4,9.4,4.63,No,1,1,1,Medium,4.700444444444445,0
S169,24,1,5.03,50.3,2.0,7.38,No,6,4,2,Medium,4.782000000000001,0
S170,23,3,5.57,64.4,8.4,5.63,Yes,9,1,0,Low,5.344055555555556,0
S171,25,1,4.95,80.8,4.4,7.43,No,1,0,3,High,4.410055555555556,0
S172,22,2,8.93,99.1,8.9,4.35,Yes,5,4,3,Medium,7.2123333333333335,1
S173,20,2,4.44,81.6,8.8,4.87,No,2,0,6,Medium,5.145111111111112,0
S174,21,2,6.88,63.0,8.3,8.28,Yes,3,1,5,Medium,5.955,1
S175,25,4,6.26,81.7,8.1,5.14,No,7,2,0,Medium,5.676611111111111,1
S176,23,1,9.4,77.0,3.7,8.19,Yes,2,3,1,Medium,5.895,1
S177,20,4,4.62,89.0,1.7,5.4,Yes,9,0,0,Low,4.245,0
S178,20,4,6.19,55.3,4.6,7.21,Yes,5,1,2,High,4.818111111111111,0
S179,18,2,9.33,88.1,2.6,7.47,Yes,0,4,0,High,5.6739999999999995,1
S180,20,2,8.76,77.1,7.3,6.56,No,6,0,0,Medium,5.770388888888888,1
S181,22,4,8.49,98.1,4.1,5.53,Yes,7,0,6,High,6.273444444444445,1
S182,24,1,5.42,67.1,9.8,5.06,No,7,3,1,Low,5.818722222222222,1
S183,23,3,4.94,81.6,6.8,4.17,Yes,2,1,2,Medium,4.592333333333333,0
S184,20,4,7.68,96.6,8.4,5.52,Yes,9,2,4,Medium,7.042333333333334,1
S185,18,1,9.11,55.1,2.2,7.27,Yes,0,4,6,Medium,5.791777777777778,1
S186,22,2,7.06,96.9,8.8,8.69,Yes,8,1,4,Medium,7.0040555555555555,1
S187,19,2,7.14,84.4,9.3,8.36,Yes,5,4,6,Medium,7.424888888888889,1
S188,24,1,5.54,53.4,5.4,7.83,No,8,0,3,Low,5.041,0
S189,24,3,8.23,65.0,6.5,7.94,No,6,3,7,Medium,6.964722222222222,1
S190,23,2,5.03,85.4,7.9,7.32,No,0,3,6,Low,5.886833333333334,1
S191,24,2,5.78,53.4,2.6,5.3,No,0,2,5,High,4.249888888888889,0
S192,20,2,6.34,79.1,5.5,8.54,No,5,3,0,Low,5.645388888888888,1
S193,18,1,6.79,67.3,4.6,7.35,Yes,4,0,3,Low,4.988666666666666,0
S194,24,4,5.33,81.0,2.3,6.8,No,8,2,1,Medium,4.973055555555556,0
S195,24,2,4.63,52.3,4.3,4.55,No,1,1,4,Medium,3.8925555555555555,0
S196,19,4,7.36,93.6,1.6,6.24,No,7,3,7,High,6.352333333333333,1
S197,19,3,5.59,98.7,1.2,6.3,No,4,2,7,Medium,5.433000000000001,0
S198,21,2,7.2,98.4,2.2,8.32,Yes,1,0,6,Medium,5.380444444444445,0
S199,22,2,4.85,87.5,9.7,6.73,No,9,4,0,High,6.427777777777777,1
S200,20,3,6.65,56.5,5.9,5.9,No,5,4,1,Medium,5.475555555555556,0
S201,24,2,6.93,87.9,9.7,8.88,No,9,0,5,Low,7.017666666666667,1
S202,25,4,4.29,51.2,4.9,4.55,No,7,0,1,Medium,3.9060555555555556,0
S203,24,1,5.85,51.1,3.8,6.11,Yes,3,4,0,High,4.577888888888889,0
S204,18,4,4.74,66.2,5.6,4.21,Yes,1,2,5,Medium,4.610777777777778,0
S205,21,1,4.35,74.4,5.0,7.7,No,4,4,1,Low,5.134055555555555,0
S206,22,1,9.44,88.5,2.0,8.59,No,1,0,5,Low,5.666944444444444,1
S207,25,4,5.77,84.2,6.8,5.4,Yes,1,3,6,Low,5.775499999999999,1
S208,21,4,8.45,72.3,2.9,8.29,Yes,5,1,6,Medium,6.003111111111111,1
S209,23,4,5.4,63.7,6.6,5.46,Yes,9,3,0,Medium,5.402166666666666,0
S210,22,4,7.75,99.9,6.9,8.55,Yes,8,3,0,Low,6.821,1
S211,24,3,8.18,71.3,2.4,7.77,No,3,0,5,High,5.262833333333333,0
S212,24,2,7.28,72.6,1.6,8.02,No,5,4,2,High,5.590111111111111,1
S213,22,1,6.59,58.2,8.0,4.09,Yes,6,2,3,Medium,5.549944444444445,1
S214,24,4,6.27,89.7,5.1,8.81,Yes,5,3,7,High,6.631888888888889,1
S215,20,4,5.92,84.7,1.5,7.63,Yes,7,4,1,Low,5.448277777777777,0
S216,22,4,9.11,61.0,10.0,5.52,Yes,3,2,1,Medium,6.130833333333333,1
S217,21,3,8.57,54.1,1.5,8.15,No,0,3,2,Medium,4.934555555555556,0
S218,22,4,9.31,84.0,7.3,5.41,No,6,2,2,High,6.533611111111111,1
S219,25,4,4.68,82.7,9.9,8.36,No,2,4,2,High,6.074388888888889,1
S220,24,4,8.02,63.7,3.2,4.56,Yes,5,1,4,Low,5.147166666666666,0
S221,20,2,9.16,97.5,2.3,7.52,No,1,4,4,High,6.333055555555555,1
S222,20,3,5.0,57.6,2.1,6.7,No,8,0,5,Low,4.598444444444445,0
S223,23,4,4.37,71.6,3.7,4.48,No,0,2,4,High,4.119277777777778,0
S224,21,1,8.08,97.2,1.9,5.21,No,5,1,6,High,5.791888888888889,1
S225,19,1,7.16,71.0,7.2,4.06,Yes,5,2,6,Low,6.036111111111112,1
S226,19,1,8.63,81.9,1.6,6.34,Yes,4,2,0,High,5.1304444444444455,0
S227,22,3,4.77,69.9,5.6,5.51,Yes,4,3,7,Low,5.5682222222222215,1
S228,23,3,8.37,63.7,10.0,6.99,Yes,0,0,5,Medium,5.949666666666666,1
S229,18,1,5.11,99.2,8.3,5.49,Yes,9,2,7,Medium,6.795500000000001,1
S230,22,4,4.9,70.5,6.5,5.5,No,4,4,1,Medium,5.19361111111111,0
S231,23,3,4.9,94.7,3.8,7.72,No,1,4,3,High,5.348277777777779,0
S232,21,1,8.48,61.5,6.6,4.24,No,6,3,0,Medium,5.70361111111111,1
S233,21,1,7.66,60.7,5.7,8.51,Yes,2,0,1,Medium,4.9510555555555555,0
S234,21,4,6.88,51.6,4.8,8.26,No,3,0,1,High,4.556777777777777,0
S235,21,2,5.97,82.6,2.2,7.34,No,2,4,5,High,5.502055555555556,1
S236,21,3,8.82,68.4,9.0,6.97,No,2,1,2,Low,6.005444444444445,1
S237,23,4,6.16,93.2,5.0,8.46,No,3,3,2,High,5.7780000000000005,1
S238,23,1,8.49,73.7,2.8,4.93,No,4,3,7,Low,6.070777777777778,1
S239,20,1,6.42,98.4,4.3,4.39,No,0,4,0,High,5.013777777777778,0
S240,25,4,6.07,59.3,4.7,5.2,Yes,3,4,2,Low,5.039777777777777,0
S241,19,3,6.54,93.4,8.4,7.97,Yes,7,1,1,Low,6.206555555555556,1
S242,24,2,5.66,88.8,7.6,4.17,Yes,9,1,2,Medium,5.700333333333333,1
S243,21,2,8.11,88.5,7.9,6.91,Yes,6,0,4,Medium,6.407777777777778,1
S244,18,1,6.76,92.2,1.1,8.98,Yes,8,3,2,Medium,5.885777777777777,1
S245,24,3,5.28,88.1,4.7,8.28,No,4,3,1,Low,5.3915,0
S246,23,2,8.95,81.3,5.3,6.61,No,9,4,7,Medium,7.561444444444445,1
S247,18,3,6.11,56.6,1.2,4.32,No,3,0,5,High,3.9615,0
S248,18,3,6.99,51.6,3.3,8.16,Yes,7,3,0,Medium,5.223166666666666,0
S249,18,1,8.99,96.0,7.8,6.99,No,8,0,3,Low,6.809166666666666,1
S250,20,2,7.43,80.8,2.2,4.57,No,6,0,2,Medium,4.7572777777777775,0
S251,23,4,4.64,89.8,5.8,4.47,Yes,6,4,6,Low,6.023666666666667,1
S252,18,1,9.17,74.1,2.9,8.55,No,4,0,6,High,5.939,1
S253,21,2,7.45,55.9,1.1,7.35,Yes,3,1,7,High,5.057666666666666,0
S254,22,2,5.84,56.3,3.2,8.15,Yes,9,1,1,Medium,4.915055555555556,0
S255,18,2,4.77,84.3,9.8,8.39,No,0,2,3,Medium,5.634222222222222,1
S256,20,2,8.37,71.5,8.2,6.86,Yes,9,4,3,High,7.232222222222222,1
S257,24,2,7.41,60.0,9.6,6.59,No,9,2,4,Medium,6.724722222222223,1
S258,23,3,6.93,74.6,5.4,6.15,No,6,1,3,High,5.519833333333334,1
S259,25,1,8.92,53.2,2.0,5.58,No,0,2,6,Medium,5.098,0
S260,20,3,8.34,79.1,5.9,6.17,Yes,0,4,5,High,6.2670555555555545,1
S261,18,4,4.83,63.4,5.1,7.87,Yes,4,4,1,Medium,5.122944444444444,0
S262,23,2,5.71,89.9,8.6,7.01,Yes,8,0,1,Medium,5.769888888888889,1
S263,22,1,5.37,65.5,1.9,8.46,No,5,3,2,High,4.9,0
S264,18,2,8.09,72.8,5.4,6.22,No,2,0,2,Medium,5.065611111111111,0
S265,20,1,4.18,50.6,2.4,7.04,Yes,2,4,2,Medium,4.196222222222222,0
S266,19,3,7.13,53.6,3.9,7.16,No,6,1,6,Low,5.517055555555556,1
S267,21,1,8.19,69.6,7.6,6.96,No,5,1,6,Medium,6.454833333333334,1
S268,25,4,8.82,74.0,5.3,7.51,Yes,8,0,7,Medium,6.6194444444444445,1
S269,24,4,5.88,80.0,4.4,5.19,No,5,4,6,Low,5.956666666666667,1
S270,20,1,8.52,64.6,4.6,6.56,No,4,1,6,Low,5.867888888888889,1
S271,23,1,4.61,84.7,5.1,4.52,Yes,9,4,6,Medium,6.1402222222222225,1
S272,25,1,8.66,93.0,8.1,5.92,Yes,6,1,6,High,6.982777777777778,1
S273,25,1,4.7,89.0,9.0,6.44,No,0,4,5,Medium,6.000555555555556,1
S274,25,4,6.19,52.0,9.6,7.26,No,6,2,6,Low,6.324166666666667,1
S275,18,2,8.39,74.0,8.1,8.75,No,2,4,7,Medium,7.269722222222222,1
S276,21,1,4.82,55.2,3.8,7.0,No,8,4,3,Low,5.355777777777778,0
S277,18,1,5.26,62.1,7.2,7.72,Yes,5,0,3,Medium,5.059277777777778,0
S278,23,4,7.97,99.3,4.9,6.53,Yes,8,2,4,Low,6.642555555555556,1
S279,18,4,7.96,57.1,3.3,7.17,No,4,3,5,Low,5.763166666666667,1
S280,19,3,7.53,74.9,8.6,4.35,Yes,6,0,2,Low,5.629333333333333,1
S281,21,1,7.82,80.9,1.3,5.27,Yes,3,3,0,Medium,4.849055555555555,0
S282,21,3,6.98,85.1,9.1,5.81,No,6,1,6,Low,6.582055555555555,1
S283,23,4,5.38,78.0,5.2,6.36,No,0,3,4,Medium,5.101666666666667,0
S284,24,4,5.9,50.5,6.7,4.23,No,6,4,0,Medium,5.1075,0
S285,19,2,5.0,66.3,6.9,4.7,No,7,3,7,Medium,5.976722222222222,1
S286,20,1,9.0,75.9,9.1,5.38,Yes,4,0,3,Medium,6.126277777777778,1
S287,18,3,7.21,54.4,6.7,8.86,No,1,0,4,High,5.207944444444444,0
S288,22,4,6.2,67.5,6.5,5.66,Yes,4,3,7,Low,6.041388888888888,1
S289,18,4,6.54,51.7,1.6,6.41,No,5,0,4,Medium,4.362722222222223,0
S290,25,3,9.21,53.9,5.7,4.98,No,1,0,1,Low,4.7443333333333335,0
S291,18,2,4.84,69.8,2.4,7.05,No,5,3,7,Low,5.375333333333333,0
S292,20,4,7.22,56.6,7.6,5.4,No,5,2,3,Medium,5.6690000000000005,1
S293,18,1,6.78,78.4,5.6,5.03,No,0,2,3,Medium,5.04488888888889,0
S294,19,4,7.36,84.5,7.1,6.58,Yes,0,1,5,High,5.72861111111111,1
S295,19,1,4.1,90.0,1.4,4.03,No,9,0,4,Medium,4.432777777777778,0
S296,21,3,8.8,60.0,1.8,4.04,No,2,3,6,High,5.368888888888889,0
S297,23,1,9.13,58.4,7.4,5.1,Yes,9,0,3,Low,6.110166666666666,1
S298,24,3,7.11,55.2,1.6,4.18,No,9,4,4,Low,5.509944444444445,1
S299,22,1,7.83,81.8,1.6,4.54,No,2,0,5,Low,4.7539444444444445,0
S300,25,3,9.07,85.3,1.1,5.69,Yes,3,0,6,Low,5.394222222222223,0
S301,18,1,7.89,51.6,9.6,8.01,No,1,2,7,Medium,6.4515,1
S302,18,2,4.84,96.8,7.6,6.86,No,8,3,5,Medium,6.589222222222222,1
S303,20,1,7.17,52.6,4.2,6.56,No,9,0,1,Low,4.9653888888888895,0
S304,23,1,7.34,77.1,3.7,5.47,No,6,2,6,High,5.904277777777778,1
S305,19,2,6.33,85.5,4.1,8.66,No,6,1,4,High,5.742222222222223,1
S306,22,4,8.05,93.5,8.0,5.99,No,5,2,3,Low,6.555555555555556,1
S307,21,4,9.14,85.7,7.0,4.44,No,2,2,3,Low,6.0888333333333335,1
S308,19,1,9.09,90.1,2.7,7.09,Yes,5,2,4,Low,6.216777777777778,1
S309,25,2,6.48,67.0,2.6,4.57,No,7,0,4,Low,4.722777777777778,0
S310,23,1,4.62,90.7,1.9,5.73,No,7,0,4,Low,4.637166666666667,0
S311,25,3,9.42,54.0,6.9,6.54,Yes,8,1,2,Medium,6.176666666666667,1
S312,24,3,8.61,94.7,7.9,8.37,No,0,4,6,Low,7.2379999999999995,1
S313,21,1,4.69,77.4,3.4,6.47,No,0,4,3,Medium,4.737388888888889,0
S314,24,4,9.06,90.9,1.2,7.51,Yes,2,4,6,High,6.392944444444445,1
S315,20,4,8.78,72.6,1.7,8.96,No,2,1,5,Medium,5.559555555555556,1
S316,25,1,6.85,82.2,9.7,4.66,No,9,4,3,High,6.993277777777778,1
S317,20,1,7.25,76.3,3.7,5.37,No,7,4,2,Low,5.858666666666666,1
S318,18,3,6.19,86.6,7.9,5.97,Yes,9,2,4,Medium,6.494833333333333,1
S319,24,4,4.3,54.1,6.6,6.11,Yes,0,0,1,Medium,3.680388888888889,0
S320,23,1,5.84,53.0,4.4,6.06,Yes,1,0,4,Low,4.1883333333333335,0
S321,25,3,8.42,62.4,2.9,8.54,No,1,2,7,Low,5.799888888888889,1
S322,22,4,4.03,58.0,2.1,7.57,Yes,2,2,4,Medium,4.133611111111112,0
S323,21,2,5.83,93.6,6.5,7.04,No,5,2,2,Medium,5.768722222222222,1
S324,19,3,6.19,61.0,8.0,5.55,Yes,0,0,6,Medium,5.029166666666667,0
S325,23,4,6.96,98.8,6.8,8.12,Yes,1,4,3,Medium,6.4192222222222215,1
S326,23,4,9.06,66.8,5.8,8.78,No,0,2,4,Medium,6.012555555555555,1
S327,20,3,5.9,59.1,1.4,8.11,No,4,1,3,Low,4.447611111111111,0
S328,24,2,5.91,89.5,9.7,4.01,Yes,6,2,0,Medium,5.720555555555556,1
S329,25,3,8.06,82.9,8.2,7.18,No,7,3,5,Low,7.211277777777777,1
S330,25,4,6.49,74.9,3.6,4.26,Yes,9,2,6,Low,5.809333333333335,1
S331,18,1,5.24,77.8,9.8,5.29,No,0,0,3,High,4.909777777777778,0
S332,18,1,6.49,86.0,6.4,4.3,No,6,2,1,Medium,5.475277777777778,0
S333,21,3,4.77,61.4,6.2,7.02,Yes,4,3,5,High,5.4485,0
S334,20,4,4.97,99.8,7.7,7.43,Yes,9,1,7,Medium,6.695055555555556,1
S335,23,1,6.74,98.7,8.3,4.57,Yes,0,4,7,Medium,6.593277777777778,1
S336,25,4,6.3,82.5,6.9,5.92,No,2,2,1,Low,5.230277777777778,0
S337,22,3,9.03,60.0,2.2,6.28,No,6,3,4,Low,5.885277777777777,1
S338,20,1,5.99,84.0,4.0,5.85,Yes,9,3,5,Low,6.1325,1
S339,21,4,7.19,53.6,9.4,4.61,No,0,1,3,High,5.098722222222222,0
S340,21,1,7.48,51.5,3.0,6.09,Yes,6,0,5,Medium,4.9941666666666675,0
S341,20,3,4.07,62.9,4.3,7.76,Yes,4,2,4,Medium,4.768222222222222,0
S342,21,4,7.65,73.1,4.9,4.36,No,0,3,2,Medium,5.078444444444445,0
S343,20,1,4.98,93.4,5.0,4.4,No,0,1,6,High,4.834888888888889,0
S344,19,3,9.29,86.4,6.5,5.77,No,0,4,1,Low,6.159611111111111,1
S345,20,1,4.82,87.1,9.5,8.71,No,8,3,4,Low,6.804277777777777,1
S346,24,1,6.28,71.3,3.2,7.34,Yes,2,1,2,Medium,4.585055555555556,0
S347,20,2,4.47,67.3,2.1,7.39,No,4,0,5,High,4.28811111111111,0
S348,21,2,9.48,68.6,2.8,5.81,Yes,9,0,5,High,5.9895555555555555,1
S349,25,3,6.76,99.4,9.0,6.97,No,8,3,4,Low,7.205444444444445,1
S350,24,2,7.27,52.0,6.8,4.05,Yes,5,3,3,High,5.5424999999999995,1
S351,21,3,4.37,93.4,3.6,7.18,No,8,2,5,High,5.6562777777777775,1
S352,18,2,8.12,78.9,8.3,8.57,Yes,7,1,3,Low,6.685722222222223,1
S353,18,1,5.15,71.9,8.8,7.06,Yes,7,3,3,Medium,6.145444444444444,1
S354,25,3,8.94,86.3,8.6,8.37,No,0,2,6,Medium,6.8995,1
S355,25,3,5.13,74.3,9.3,7.62,Yes,8,2,3,High,6.213666666666668,1
S356,24,1,5.05,93.7,3.3,4.6,No,5,3,0,Low,4.774111111111111,0
S357,19,3,4.2,95.0,7.8,8.51,Yes,8,0,6,High,6.140555555555554,1
S358,25,3,6.6,71.1,5.1,4.33,Yes,2,1,2,Medium,4.612611111111112,0
S359,18,2,7.11,63.8,8.6,6.67,Yes,2,1,2,High,5.415611111111112,0
S360,20,3,4.36,79.6,7.6,4.71,Yes,5,0,5,Medium,5.072333333333333,0
S361,21,4,8.27,95.6,8.0,4.06,No,8,3,5,Medium,7.177611111111111,1
S362,18,1,6.49,60.5,6.9,6.11,Yes,6,1,3,High,5.418888888888889,0
S363,18,2,6.88,81.1,2.6,5.48,No,2,3,6,High,5.485388888888889,0
S364,19,2,6.42,81.6,5.9,6.43,No,2,3,6,High,5.9784444444444444,1
S365,24,4,6.2,86.7,9.9,6.89,No,1,2,0,Low,5.601055555555555,1
S366,24,1,7.08,56.6,9.4,4.22,No,8,0,3,Medium,5.672888888888888,1
S367,23,1,4.85,85.8,1.4,4.62,No,2,3,0,Low,4.022833333333334,0
S368,19,2,5.0,95.5,2.5,6.79,No,4,4,7,Medium,5.8869444444444445,1
S369,20,3,8.74,59.0,2.2,5.72,Yes,8,0,3,Medium,5.210555555555556,0
S370,24,2,9.2,61.9,7.5,7.65,Yes,7,1,1,Medium,6.2285,1
S371,21,1,6.05,98.6,8.4,7.26,No,1,2,1,Medium,5.683166666666667,1
S372,25,4,5.49,59.0,2.9,8.23,No,2,1,4,High,4.5069444444444455,0
S373,19,2,7.54,92.7,5.6,7.46,No,1,1,3,Low,5.6193888888888885,1
S374,25,1,6.25,74.6,8.6,6.15,No,7,0,6,Medium,6.104833333333334,1
S375,18,2,4.14,62.4,7.6,7.36,No,5,1,5,Medium,5.253777777777778,0
S376,21,3,4.86,93.5,5.9,5.38,No,5,3,2,Low,5.450277777777778,0
S377,21,2,7.94,72.3,6.3,5.53,No,8,1,4,Low,6.1289444444444445,1
S378,18,2,7.62,75.7,5.6,7.94,Yes,7,2,5,High,6.487722222222223,1
S379,19,1,4.15,68.0,3.7,6.23,No,3,2,1,High,4.129722222222222,0
S380,18,1,5.22,79.6,6.1,7.99,Yes,3,4,3,High,5.776777777777777,1
S381,25,1,5.27,58.2,7.2,8.11,Yes,8,2,4,High,5.871611111111111,1
S382,23,2,7.7,69.6,8.9,8.29,No,0,1,3,Low,5.800111111111112,1
S383,21,3,4.11,98.5,6.7,8.58,Yes,1,2,1,Medium,5.088333333333333,0
S384,22,4,4.57,62.9,7.9,6.15,Yes,1,0,4,Medium,4.554333333333334,0
S385,22,4,8.4,82.8,2.4,5.59,Yes,5,2,1,Medium,5.348111111111112,0
S386,25,1,4.98,66.3,5.2,6.91,No,3,3,0,Medium,4.687277777777777,0
S387,20,1,7.59,88.7,1.1,5.86,No,9,0,1,Medium,5.069111111111111,0
S388,24,2,5.31,56.5,3.2,7.01,No,2,4,6,Medium,5.183888888888889,0
S389,18,4,4.55,98.5,7.5,7.53,No,2,3,6,Medium,6.126666666666667,1
S390,18,1,5.34,72.7,9.9,7.44,No,2,1,3,Low,5.512166666666667,1
S391,20,3,7.97,61.8,1.9,5.87,Yes,5,1,2,Medium,4.806722222222223,0
S392,20,3,8.71,53.7,4.6,4.83,No,7,1,1,Medium,5.2346666666666675,0
S393,25,1,8.57,58.5,8.2,6.15,No,6,3,5,Medium,6.758333333333333,1
S394,25,1,6.18,76.0,2.8,4.71,No,3,3,6,Low,5.278333333333333,0
S395,20,4,7.67,66.9,6.0,8.45,Yes,3,3,7,High,6.534888888888889,1
S396,21,4,5.13,91.4,7.6,5.73,No,9,0,2,Low,5.580166666666667,1
S397,25,2,5.61,71.5,6.5,4.77,No,1,0,0,Medium,4.08,0
S398,23,4,8.93,62.4,2.7,4.13,Yes,0,1,4,High,4.732388888888889,0
S399,25,3,4.07,80.9,4.2,7.23,No,8,2,4,Medium,5.364333333333334,0
S400,18,3,4.47,85.3,8.1,7.18,Yes,1,1,6,Low,5.459777777777779,0
S401,25,1,5.14,58.4,6.0,5.7,Yes,7,4,2,Medium,5.444333333333333,0
S402,21,4,4.15,58.4,1.0,4.36,No,8,0,6,Medium,4.097944444444445,0
S403,20,2,5.0,51.8,7.8,6.05,Yes,3,3,4,High,5.269222222222222,0
S404,18,3,7.21,86.8,1.3,5.56,No,7,0,7,High,5.492277777777777,0
S405,25,3,6.32,83.2,7.7,7.39,No,8,3,1,Medium,6.329111111111111,1
S406,21,2,8.91,73.7,2.8,7.03,Yes,9,4,2,Medium,6.484111111111112,1
S407,23,2,8.5,92.2,9.6,5.82,No,9,4,3,Low,7.669666666666667,1
S408,25,3,5.88,90.3,4.3,5.09,Yes,4,0,1,Low,4.5600555555555555,0
S409,21,3,5.43,79.3,3.9,8.94,Yes,6,3,1,Medium,5.450333333333333,0
S410,23,2,6.09,93.4,2.3,6.27,Yes,9,4,1,Medium,5.790166666666666,1
S411,20,3,7.25,60.3,3.8,7.44,Yes,3,1,3,Medium,4.988666666666667,0
S412,25,1,5.47,55.6,8.9,4.7,Yes,0,1,7,Low,5.1337222222222225,0
S413,23,1,7.43,63.5,10.0,6.43,No,2,3,0,Low,5.8244444444444445,1
S414,18,2,6.25,52.9,4.3,4.14,No,4,0,7,Medium,4.736,0
S415,20,4,7.04,76.6,5.0,6.53,Yes,2,4,7,Low,6.259555555555555,1
S416,18,2,6.4,96.8,7.5,8.82,No,6,0,7,High,6.632,1
S417,22,2,5.62,52.0,9.0,5.92,No,8,1,5,Low,5.817777777777778,1
S418,19,4,9.22,56.1,6.3,4.19,No,5,4,6,Medium,6.607055555555556,1
S419,25,4,8.2,72.6,4.5,4.15,No,9,0,4,High,5.675111111111112,1
S420,23,4,4.77,96.7,4.7,5.94,Yes,0,2,6,Low,5.1579999999999995,0
S421,19,1,8.78,65.8,7.3,4.8,Yes,6,3,2,Medium,6.260333333333332,1
S422,19,3,6.68,75.4,1.0,4.12,No,2,3,7,Low,5.083777777777778,0
S423,23,1,8.92,52.1,6.6,7.78,No,4,2,0,Medium,5.665944444444445,1
S424,20,3,8.4,57.4,4.2,6.29,Yes,9,1,2,Medium,5.63988888888889,1
S425,25,1,6.34,99.3,8.1,5.45,Yes,3,4,6,Medium,6.745055555555556,1
S426,22,3,4.12,98.3,1.8,8.5,No,9,3,4,Medium,5.718944444444444,1
S427,18,1,5.48,50.2,6.3,4.58,No,4,2,3,High,4.751888888888889,0
S428,21,4,6.98,97.6,5.3,8.78,No,4,2,6,Low,6.5295555555555564,1
S429,18,2,7.48,82.0,6.8,5.57,No,5,1,1,Low,5.563888888888889,1
S430,21,1,5.42,93.4,1.6,8.44,Yes,9,1,6,High,5.783777777777778,1
S431,18,3,4.77,72.7,6.2,7.01,No,9,0,1,Medium,5.016888888888889,0
S432,23,4,8.59,75.8,6.1,8.13,No,5,3,3,High,6.577833333333333,1
S433,22,1,9.41,74.4,6.0,8.92,Yes,7,0,6,Medium,6.809611111111112,1
S434,25,1,6.89,83.3,6.4,5.44,No,7,2,0,High,5.636444444444445,1
S435,21,4,4.94,57.0,7.1,8.81,No,8,4,0,Medium,5.733888888888889,1
S436,25,1,5.5,51.5,8.2,5.95,Yes,7,4,2,High,5.788611111111111,1
S437,25,2,4.1,65.4,3.4,5.93,No,1,1,3,High,3.849888888888889,0
S438,25,1,9.03,85.2,8.4,5.7,No,9,4,7,Medium,8.003833333333334,1
S439,24,2,4.65,60.1,5.5,6.71,No,0,4,0,Low,4.434555555555556,0
S440,20,2,7.17,83.7,1.7,4.77,Yes,9,4,6,Low,6.283,1
S441,18,4,5.51,98.5,1.5,6.77,Yes,1,2,3,Low,4.707222222222223,0
S442,25,1,7.05,54.7,4.0,6.71,No,1,4,4,Low,5.328555555555556,0
S443,18,4,7.58,83.6,8.1,7.81,Yes,2,4,1,Medium,6.356777777777777,1
S444,25,1,8.56,72.2,7.4,8.17,No,9,4,6,Medium,7.690777777777778,1
S445,21,1,5.14,93.4,8.1,6.2,No,6,0,1,Medium,5.3148888888888886,0
S446,20,3,4.06,58.9,5.7,5.51,Yes,1,2,1,Medium,3.990722222222222,0
S447,20,1,4.75,84.6,5.0,5.3,No,0,1,7,Medium,4.870388888888889,0
S448,23,4,8.95,91.9,2.3,4.97,No,5,0,3,Low,5.388222222222222,0
S449,24,2,8.81,97.2,4.0,4.29,Yes,8,3,3,Low,6.512166666666666,1
S450,23,1,7.29,84.2,4.9,5.71,No,2,2,2,Low,5.304944444444445,0
S451,23,3,7.3,74.9,1.8,5.35,No,5,2,1,Medium,4.837944444444444,0
S452,23,4,7.66,80.9,3.0,8.83,No,2,3,2,Low,5.609611111111111,1
S453,23,1,4.96,93.4,6.4,6.79,No,0,3,7,Low,5.830444444444444,1
S454,23,4,9.03,78.5,7.6,5.74,No,4,3,1,Medium,6.337777777777777,1
S455,22,3,6.3,51.5,10.0,6.9,No,9,1,2,High,5.964166666666667,1
S456,20,3,6.11,96.5,9.4,4.7,No,3,4,2,Low,6.257222222222222,1
S457,23,4,6.85,84.5,6.8,6.22,No,6,2,4,Medium,6.191111111111111,1
S458,25,1,4.26,83.8,4.8,7.13,No,5,4,2,Medium,5.384222222222222,0
S459,20,2,4.91,60.8,6.7,6.44,Yes,9,4,3,High,5.9350555555555555,1
S460,20,3,8.06,82.9,8.1,6.01,No,6,3,2,High,6.591277777777776,1
S461,19,1,4.46,69.7,2.1,8.97,Yes,4,1,1,Low,4.197166666666667,0
S462,22,1,7.32,82.6,4.7,8.4,Yes,3,0,2,Low,5.257333333333333,0
S463,23,2,5.35,55.3,8.6,7.12,Yes,6,1,0,High,5.048111111111111,0
S464,18,3,6.14,82.9,4.5,6.85,No,6,4,5,Medium,6.2396111111111106,1
S465,21,3,5.59,100.0,6.1,7.1,No,5,1,1,Medium,5.426388888888889,0
S466,24,1,5.96,52.4,6.3,5.01,No,7,3,0,Medium,5.0776666666666666,0
S467,25,1,7.95,98.9,2.7,5.98,No,3,0,7,Medium,5.7154444444444445,1
S468,18,2,5.63,70.3,4.3,4.2,No,9,3,1,High,5.198666666666666,0
S469,22,2,7.12,93.5,4.0,6.38,No,4,0,3,High,5.266388888888889,0
S470,21,3,6.62,89.1,1.2,6.72,No,3,4,5,High,5.643166666666666,1
S471,22,4,7.65,78.4,1.2,5.14,Yes,0,0,5,Low,4.464611111111111,0
S472,25,3,9.15,86.9,8.5,8.82,Yes,7,0,3,High,6.920999999999999,1
S473,20,1,8.03,93.9,3.5,8.55,No,0,0,5,Low,5.516,1
S474,21,3,5.18,70.2,5.7,7.61,No,4,1,3,Low,5.023555555555555,0
S475,20,4,4.17,66.4,3.7,6.67,Yes,5,1,0,High,4.034611111111111,0
S476,25,2,5.44,83.4,9.5,8.35,Yes,5,4,7,Low,7.1387777777777774,1
S477,18,4,7.27,90.4,3.3,4.65,No,4,0,4,Low,5.085166666666667,0
S478,25,4,4.28,88.1,4.9,7.95,Yes,2,2,1,Low,4.7348333333333334,0
S479,18,4,6.73,89.9,8.9,4.62,No,4,4,3,High,6.4543333333333335,1
S480,21,2,7.28,71.8,8.6,7.97,No,7,0,1,Medium,5.897555555555556,1
S481,21,4,5.84,90.9,2.7,5.38,No,1,0,7,Medium,4.801277777777778,0
S482,23,4,8.24,56.0,8.2,8.39,Yes,5,1,0,Low,5.762222222222223,1
S483,22,4,4.59,77.2,5.1,8.72,No,8,4,4,High,6.139388888888888,1
S484,23,1,4.41,50.3,5.3,4.74,No,7,0,7,High,4.753666666666667,0
S485,22,4,8.01,66.2,2.2,6.31,No,7,0,0,Medium,4.7266111111111115,0
S486,23,2,6.73,68.3,1.7,8.9,No,7,4,5,Medium,6.075888888888889,1
S487,20,4,7.79,69.8,7.6,6.42,Yes,6,2,1,Low,5.972833333333334,1
S488,21,4,6.39,84.8,5.5,8.32,No,7,4,6,High,6.868944444444444,1
S489,18,2,5.36,69.4,4.9,6.94,No,5,4,4,Medium,5.687111111111111,1
S490,22,4,8.51,72.4,7.6,5.88,No,1,2,5,High,6.131833333333334,1
S491,25,2,8.4,61.9,7.9,5.43,Yes,1,4,7,Medium,6.591833333333333,1
S492,22,4,7.82,68.7,2.4,5.02,No,7,0,4,High,5.103277777777778,0
S493,18,2,5.5,61.4,6.5,7.81,No,0,4,5,High,5.563777777777778,1
S494,23,4,7.25,53.7,2.2,5.93,Yes,5,2,0,Medium,4.50688888888889,0
S495,22,4,5.99,80.2,7.8,6.56,Yes,5,3,3,High,6.074388888888889,1
S496,24,1,4.5,83.4,6.9,6.46,No,3,4,1,Medium,5.353777777777778,0
S497,20,1,9.05,81.0,9.6,6.89,Yes,9,1,2,Low,7.033055555555556,1
S498,21,4,4.75,73.2,1.6,8.33,Yes,2,0,2,Medium,3.9010555555555557,0
S499,18,4,9.23,69.0,1.5,8.9,Yes,2,0,0,High,4.756388888888889,0
S500,21,3,6.45,93.2,3.5,6.04,No,0,1,7,Medium,5.281611111111111,0
